<?xml version="1.0" encoding="UTF-8"?>
<ti:app xmlns:ti="http://ti.appcelerator.org">
    <id>com.mededtrack.faculty</id>
    <name>MedEdFaculty</name>
    <version>1.86</version>
    <publisher>marcschneider1</publisher>
    <url>http://mededtrack.com</url>
    <description>Faculty App for Med Ed Tracking</description>
    <copyright>2015 by Aultman Health Foundation</copyright>
    <icon>appicon.png</icon>
    <fullscreen>false</fullscreen>
    <navbar-hidden>true</navbar-hidden>
    <analytics>true</analytics>
    <guid>6564ecee-f247-450d-9ccc-32efc9d47958</guid>
    <property name="ti.ui.defaultunit" type="string">dp</property>
    <ios>
        <team-id>J699B254BX</team-id>
        <plist>
            <dict>
                <key>UISupportedInterfaceOrientations~iphone</key>
                <array>
                    <string>UIInterfaceOrientationPortrait</string>
                </array>
                <key>UISupportedInterfaceOrientations~ipad</key>
                <array>
                    <string>UIInterfaceOrientationPortrait</string>
                    <string>UIInterfaceOrientationPortraitUpsideDown</string>
                    <string>UIInterfaceOrientationLandscapeLeft</string>
                    <string>UIInterfaceOrientationLandscapeRight</string>
                </array>
                <key>UIRequiresPersistentWiFi</key>
                <true/>
                <key>UIPrerenderedIcon</key>
                <false/>
                <key>UIStatusBarHidden</key>
                <false/>
                <key>NSPhotoLibraryUsageDescription</key>
                <string>
                    Used to upload your photo to your profile.
                </string>
                <key>NSCalendarsUsageDescription</key>
                <string>
                    Used to record upcomming events on your calendar.
                </string>
                <key>NSAppleMusicUsageDescription</key>
                <string>
                    Used to record observations.
                </string>
                <key>NSMicrophoneUsageDescription</key>
                <string>
                    Used to record observations.
                </string>
                <key>NSCameraUsageDescription</key>
                <string>Can we use your camera?</string>
                <key>NSLocationAlwaysUsageDescription</key>
                <true/>
                <key>NSLocationAlwaysUsageDescription</key>
                <string>Used to record the location of the device</string>
                <key>UIStatusBarStyle</key>
                <string>UIStatusBarStyleDefault</string>
                <key>CFBundleURLTypes</key>
                <array>
                    <dict>
                        <key>CFBundleURLName</key>
                        <string>com.mededtrack.faculty</string>
                        <key>CFBundleURLSchemes</key>
                        <array>
                            <string>MedEdTrackFaculty</string>
                        </array>
                    </dict>
                </array>
                <key>ITSAppUsesNonExemptEncryption</key>
                <false/>
            </dict>
        </plist>
    </ios>
    <android xmlns:android="http://schemas.android.com/apk/res/android">
        <manifest android:versionCode="18" android:versionName="1.86">
            <uses-permission android:name="android.permission.CAMERA"/>
            <uses-permission android:name="android.permission.GET_ACCOUNTS"/>
            <activity android:configChanges="keyboardHidden|orientation"
                android:label="MedEdTrackFaculty"
                android:launchMode="singleTask"
                android:name=".loadFaculty" android:theme="@style/Theme.Titanium">
                <intent-filter>
                    <action android:name="android.intent.action.MAIN"/>
                    <category android:name="android.intent.category.LAUNCHER"/>
                </intent-filter>
                <intent-filter>
                    <action android:name="android.intent.action.VIEW"/>
                    <category android:name="android.intent.category.DEFAULT"/>
                    <category android:name="android.intent.category.BROWSABLE"/>
                    <data android:scheme="loadFaculty"/>
                </intent-filter>
            </activity>
        </manifest>
    </android>
    <modules/>
    <deployment-targets>
        <target device="android">true</target>
        <target device="ipad">false</target>
        <target device="iphone">true</target>
        <target device="mobileweb">false</target>
    </deployment-targets>
    <sdk-version>6.0.1.GA</sdk-version>
    <property name="appc-app-id" type="string">55a934bce05a890d32c7201c</property>
    <property name="acs-authbase-url-development" type="string">https://secure-identity.cloud.appcelerator.com</property>
    <property name="acs-base-url-development" type="string">https://api.cloud.appcelerator.com</property>
    <property name="acs-oauth-secret-development" type="string">d9bmieOD83gpHGDSowkOUFqHjEoVnBOJ</property>
    <property name="acs-oauth-key-development" type="string">f7pC4Z09J50TfUynr4A33yJqOPzu5qxf</property>
    <property name="acs-api-key-development" type="string">PskPZps2zLQuXfCe6g6bBODiLzNc6VUI</property>
    <property name="acs-username-development" type="string">appc_app_user_dev</property>
    <property name="acs-password-development" type="string">7Jnttvu8tt2yftpv1G</property>
    <property name="acs-authbase-url-production" type="string">https://secure-identity.cloud.appcelerator.com</property>
    <property name="acs-base-url-production" type="string">https://api.cloud.appcelerator.com</property>
    <property name="acs-oauth-secret-production" type="string">ZiG9oAjUVvebedwuYCCaKDrJSGCaTvkA</property>
    <property name="acs-oauth-key-production" type="string">oPNaDt8m6OIhJkTTX8XPLLUEc2mvwiUD</property>
    <property name="acs-api-key-production" type="string">MDKe625YVu1Br5apBxUTVJ0WygLPbwNf</property>
    <property name="acs-username-production" type="string">appc_app_user</property>
    <property name="acs-password-production" type="string">5fy0xKaQh3QP6ptiXb</property>
    <property name="appc-org-id" type="string">100041184</property>
    <property name="appc-creator-user-id" type="string">6d56f1a1-b034-4686-b35e-190682e9d121</property>
</ti:app>
