<?xml version="1.0" encoding="UTF-8"?>
<ti:app xmlns:ti="http://ti.appcelerator.org">
    <id>com.mededtrack.resident</id>
    <name>MedEdTrackResident</name>
    <version>1.44</version>
    <publisher>marcschneider1</publisher>
    <url>http://mededtrack.com</url>
    <description>MedEd Track for Residents</description>
    <copyright>2015 by marcschneider1</copyright>
    <icon>appicon.png</icon>
    <fullscreen>false</fullscreen>
    <navbar-hidden>true</navbar-hidden>
    <analytics>false</analytics>
    <guid>4a2d010d-ff4c-4deb-9888-91183ef8eaaa</guid>
    <property name="ti.ui.defaultunit" type="string">dp</property>
    <ios>
        <team-id>J699B254BX</team-id>
        <plist>
            <dict>
                <key>UISupportedInterfaceOrientations~iphone</key>
                <array>
                    <string>UIInterfaceOrientationPortrait</string>
                </array>
                <key>UISupportedInterfaceOrientations~ipad</key>
                <array>
                    <string>UIInterfaceOrientationPortrait</string>
                    <string>UIInterfaceOrientationPortraitUpsideDown</string>
                    <string>UIInterfaceOrientationLandscapeLeft</string>
                    <string>UIInterfaceOrientationLandscapeRight</string>
                </array>
                <key>UIRequiresPersistentWiFi</key>
                <true/>
                <key>UIPrerenderedIcon</key>
                <false/>
                <key>UIStatusBarHidden</key>
                <false/>
                <key>NSPhotoLibraryUsageDescription</key>
                <string>
                    Used to upload your photo to your profile.
                </string>
                <key>NSCalendarsUsageDescription</key>
                <string>
                    Used to record upcomming events on your calendar.
                </string>
                <key>NSAppleMusicUsageDescription</key>
                <string>
                    Used to record observations.
                </string>
                <key>NSMicrophoneUsageDescription</key>
                <string>
                    Used to record observations.
                </string>
                <key>NSCameraUsageDescription</key>
                <string>Can we use your camera?</string>
                <key>NSLocationAlwaysUsageDescription</key>
                <true/>
                <key>NSLocationAlwaysUsageDescription</key>
                <string>Used to record the location of the device</string>
                <key>UIStatusBarStyle</key>
                <string>UIStatusBarStyleDefault</string>
                <key>CFBundleURLTypes</key>
                <array>
                    <dict>
                        <key>CFBundleURLName</key>
                        <string>com.mededtrack.resident</string>
                        <key>CFBundleURLSchemes</key>
                        <array>
                            <string>MedEdTrackResident</string>
                        </array>
                    </dict>
                </array>
                <key>ITSAppUsesNonExemptEncryption</key>
                <false/>
            </dict>
        </plist>
    </ios>
    <android xmlns:android="http://schemas.android.com/apk/res/android">
        <manifest android:versionCode="16" android:versionName="1.44">
            <uses-permission android:name="android.permission.CAMERA"/>
        </manifest>
        <activities>
            <activity android:alwaysRetainTaskState="true"
                android:launchMode="singleTask" url="app.js">
                <intent-filter>
                    <action android:name="android.intent.action.VIEW"/>
                    <category android:name="android.intent.category.DEFAULT"/>
                    <category android:name="android.intent.category.BROWSABLE"/>
                    <data android:host="" android:scheme="MedEdTrackResident"/>
                </intent-filter>
            </activity>
        </activities>
        <uses-permission android:name="android.permission.CAMERA"/>
        <uses-permission android:name="android.permission.READ_PHONE_STATE"/>
        <uses-permission android:name="android.permission.GET_ACCOUNTS"/>
    </android>
    <modules>
        <module platform="commonjs">ti.cloud</module>
        <module platform="android">ti.cloudpush</module>
    </modules>
    <deployment-targets>
        <target device="android">true</target>
        <target device="blackberry">false</target>
        <target device="ipad">false</target>
        <target device="iphone">true</target>
        <target device="mobileweb">false</target>
    </deployment-targets>
    <sdk-version>6.0.1.GA</sdk-version>
    <property name="appc-app-id" type="string">5632a51731d15a513dfa3233</property>
    <property name="acs-authbase-url-development" type="string">https://secure-identity.cloud.appcelerator.com</property>
    <property name="acs-base-url-development" type="string">https://api.cloud.appcelerator.com</property>
    <property name="acs-oauth-secret-development" type="string">CYDu0y4sHFVx0yx75ItM92ygOYGbdIwO</property>
    <property name="acs-oauth-key-development" type="string">b8xOKevAaYPa9oAxQII6oWE5csYBl6w6</property>
    <property name="acs-api-key-development" type="string">TKSGhjSRwuYFRHSaz319jfK7Brp3mjyQ</property>
    <property name="acs-username-development" type="string">appc_app_user_dev</property>
    <property name="acs-password-development" type="string">tRQJGHzg7cQbKx4Yjs</property>
    <property name="acs-authbase-url-production" type="string">https://secure-identity.cloud.appcelerator.com</property>
    <property name="acs-base-url-production" type="string">https://api.cloud.appcelerator.com</property>
    <property name="acs-oauth-secret-production" type="string">4AnV5ut7iX9CyeMBxeG17XxajPE0fsrR</property>
    <property name="acs-oauth-key-production" type="string">nAEAvmTlyS6jH4LY5mKo6SKJnLBJymSU</property>
    <property name="acs-api-key-production" type="string">4VhOjikRiAMYf6a0PizNvDv19juuH7V9</property>
    <property name="acs-api-key" type="string">TKSGhjSRwuYFRHSaz319jfK7Brp3mjyQ</property>
    <property name="acs-username-production" type="string">appc_app_user</property>
    <property name="acs-password-production" type="string">l2WhiGbOa55ymbaKyA</property>
    <property name="appc-org-id" type="string">100041184</property>
    <property name="appc-creator-user-id" type="string">6d56f1a1-b034-4686-b35e-190682e9d121</property>
    <property name="acs-push-type-development" type="string">gcm</property>
    <property name="acs-push-type-production" type="string">gcm</property>
    <property name="acs-push-type" type="string">gcm</property>
</ti:app>
